WhatsApp Image 2022-04-03 at 1.26.16 PM (1).jpeg,477.0108,204.23416,-423.79605,486.05,194.38406,-431.08145,489.47644,194.28024,-431.03253,493.1196,194.10007,-431.0082,478.74432,193.82697,-407.38153,476.96216,193.23761,-407.26904,475.1414,192.78682,-407.06787,508.42688,193.50352,-382.354,484.09302,191.09804,-263.88538,486.84552,211.87062,-401.16058,478.66608,211.04951,-366.31625,555.8262,243.57199,-323.51218,464.16626,226.55849,-120.433975,582.5708,317.5137,-362.46677,430.00446,291.01007,-64.730965,593.2698,389.02356,-495.5461,387.2328,326.09302,-194.05,606.18585,408.269,-544.4904,372.12186,333.45792,-212.5299,590.9734,407.63812,-575.2763,371.78943,334.0086,-259.93167,584.3279,402.18884,-508.89716,381.2975,335.43982,-216.37085,505.17694,380.79022,-60.717903,451.89667,355.2131,60.755646,483.4941,489.2752,-35.44744,361.4796,397.72308,148.93909,470.57874,570.0162,164.49504,293.2763,448.99823,394.31516,470.03,576.2688,178.92276,291.0089,460.59747,416.701,447.58328,615.54724,51.087082,247.4323,466.37564,327.35583
WhatsApp Image 2022-04-03 at 1.26.16 PM (2).jpeg,448.15936,220.54654,-162.88068,456.2733,211.50354,-184.83774,458.49545,211.1635,-184.86362,460.88733,210.7689,-184.87032,454.75964,211.8074,-149.52444,455.59955,211.57993,-149.57603,456.37344,211.43887,-149.65504,479.07614,211.80933,-226.1929,472.59235,212.25961,-64.23266,457.52942,229.32625,-174.74171,456.17496,229.8925,-128.07727,522.9067,265.41052,-261.4928,468.9701,251.53915,43.485542,534.82385,354.62006,-278.1653,469.40826,323.5331,79.435646,452.133,335.71844,-166.78993,437.6629,339.7232,-63.943474,426.88367,335.31973,-164.60233,430.60626,347.6347,-92.05888,432.47342,315.43317,-166.34732,425.3607,336.5521,-110.89546,444.02875,316.55908,-158.99838,429.46338,334.3025,-78.577995,478.17053,409.41415,-86.1029,435.9365,386.8281,86.282745,466.96802,509.1814,-60.821674,339.39673,415.73904,150.88647,457.32617,594.4056,60.576107,250.49902,459.1278,273.5088,464.3656,605.0524,72.77072,246.52856,475.95648,282.054,419.19873,629.08496,4.365093,195.89304,456.64032,234.73943
WhatsApp Image 2022-04-03 at 1.26.16 PM (3).jpeg,319.54388,360.04944,-120.21916,312.37076,348.7864,-110.38113,310.9724,348.26453,-110.348495,309.6917,347.6563,-110.31864,312.5353,349.78485,-146.88193,310.58102,349.41315,-146.87622,308.69772,349.09235,-146.90475,298.14874,347.59012,-42.658535,296.46768,348.46783,-207.10478,314.886,367.893,-90.59502,314.48807,368.75952,-138.42412,297.3949,388.718,77.21743,275.79956,397.39136,-247.50925,288.00308,444.8474,164.2152,249.84085,477.54712,-235.97446,337.75473,466.49933,103.59975,316.0621,475.90186,-122.50545,351.04056,473.55957,102.35969,333.68686,479.9248,-125.37654,360.70612,468.72012,77.90158,338.78918,465.4743,-128.13101,354.70123,466.52295,88.77908,331.33978,463.69766,-117.87012,333.31693,513.35077,99.855835,304.79657,530.00824,-99.33854,434.16202,529.8331,51.777573,330.07285,616.20447,-74.614174,520.5803,560.9044,95.37722,345.9749,701.6581,61.70317,532.4298,579.6724,93.788994,339.9062,717.965,71.322,561.0044,534.3231,36.725384,386.2957,720.64044,-5.633904
WhatsApp Image 2022-04-03 at 1.26.16 PM (5).jpeg,351.1611,384.37207,-222.24948,352.06595,374.3695,-198.20895,352.9941,374.0091,-198.28793,354.01422,373.52798,-198.31956,346.45758,374.74402,-218.87155,343.65225,374.1989,-218.77713,340.8313,373.72137,-218.8747,348.03333,371.0573,-66.792755,330.10974,370.69965,-160.0821,348.9647,388.83832,-170.62874,342.75653,388.68365,-198.03513,362.05276,404.59067,48.143326,289.4413,407.1635,-128.42712,372.44785,460.48053,165.58824,270.68973,463.58075,-179.63387,376.44086,478.81726,122.21211,335.03296,466.74377,-253.42044,377.58334,482.47372,114.86401,353.43304,469.13083,-303.7172,382.08093,477.0985,79.75312,357.97232,460.1047,-302.5691,380.87317,475.67676,106.79173,351.84164,459.62866,-255.52313,375.78976,527.3844,32.17884,328.9788,538.09045,-31.990799,439.26315,605.24695,41.526844,343.56824,633.15967,7.2291555,505.72568,666.814,194.90189,360.5921,712.7335,226.12009,514.04297,677.49695,203.6796,366.7314,721.4573,239.8819,520.4639,682.60016,77.267914,362.08234,744.6212,100.839226
WhatsApp Image 2022-04-03 at 1.26.16 PM.jpeg,475.38568,323.66,-299.05597,480.97894,313.9884,-301.85083,484.39005,312.86652,-301.85715,487.98627,311.6389,-301.9542,473.46323,316.62885,-274.5147,471.27545,317.1591,-274.2747,469.05725,317.78528,-274.07724,501.53403,312.5584,-248.63998,477.00082,319.63116,-119.123474,487.46722,329.90588,-276.7392,477.7966,332.79764,-239.1564,553.0155,355.8644,-235.00784,478.2138,368.41553,33.265358,596.64825,423.31,-231.0958,472.0013,434.09955,110.084274,616.3955,498.20035,-282.73236,457.11703,491.5017,-24.992573,631.50415,515.83594,-310.0785,451.78427,509.6086,-48.150154,617.8519,521.64923,-339.22043,448.70892,507.54456,-89.68459,610.287,517.52057,-292.1598,452.24414,503.07742,-47.81222,527.60376,498.20258,-86.65383,480.2321,493.82138,87.00592,490.7006,595.6608,-181.47212,428.0067,577.00793,-109.96594,484.83005,699.9826,-59.143593,413.00696,682.0772,-5.4120293,493.47498,713.2613,-53.524628,422.8201,698.2465,-1.9725598,444.61166,744.22424,-212.48442,375.5245,720.92126,-136.05426
WhatsApp Image 2022-04-03 at 1.26.17 PM.jpeg,378.3035,397.05396,-633.2632,388.95026,386.22836,-634.1286,393.0954,386.45203,-634.0313,397.34308,386.58527,-633.93396,378.93213,384.73706,-621.2322,376.17673,383.7111,-621.0569,373.34723,382.7788,-620.78235,410.90625,386.08124,-523.13385,378.3286,380.12637,-463.211,387.41098,404.45944,-584.8317,376.36417,402.67905,-566.892,443.28305,432.37744,-355.2282,352.17188,404.8609,-288.8844,456.67795,495.42624,-290.6571,307.8783,437.70212,-215.35419,464.13196,559.68933,-365.85046,256.72067,469.5417,-361.8147,472.42795,579.13336,-391.5916,235.09927,479.3648,-391.4427,467.69177,581.0591,-442.8372,238.14977,482.88306,-441.81293,461.45096,575.92316,-385.60962,248.09613,483.31152,-384.9916,380.8681,547.8927,-7.448387,328.41156,525.95514,7.657054,355.81995,651.9719,11.704696,274.29636,597.7209,-128.81013,356.59213,732.0433,256.5263,213.19052,692.25226,32.1174,353.7956,740.57477,273.10486,208.88658,706.20026,41.29229,347.5835,768.1047,121.31624,191.62924,730.3747,-128.76741
WhatsApp Image 2022-04-03 at 1.27.23 PM (1).jpeg,476.72174,407.32056,-480.34653,487.1587,396.71545,-475.26715,491.0291,397.92273,-475.22516,495.03046,399.09747,-475.23367,476.55096,391.73804,-475.72806,472.98898,389.21677,-475.65076,469.40344,386.81696,-475.47116,501.3436,397.33453,-347.24088,466.39096,380.92798,-337.834,480.76044,415.61816,-424.2472,468.72537,409.3839,-421.54272,514.3552,437.31592,-248.6873,431.1796,404.13562,-149.59106,517.19824,492.71304,-325.2611,401.7637,466.74255,-41.88743,498.16342,512.5173,-553.53467,374.14343,507.59854,-128.57364,495.6221,519.60284,-607.56964,365.4854,515.0227,-136.33572,490.2789,511.81104,-628.32074,357.7093,515.02185,-187.72304,490.3311,510.95746,-567.27,364.01773,516.10443,-149.29555,459.1725,551.46423,-37.3374,408.99683,527.3579,37.417404,443.89667,631.08435,-299.9828,349.6603,563.2781,-119.97418,429.21854,733.49927,-328.59775,275.9328,626.7475,-102.71068,428.3327,751.1157,-339.96277,266.8088,645.7653,-107.360794,402.54483,750.1417,-510.6569,245.929,627.9499,-241.29881
WhatsApp Image 2022-04-03 at 1.27.23 PM (2).jpeg,477.04678,401.23914,-295.91977,483.25745,388.91498,-285.7986,487.46063,388.2486,-285.71954,491.7257,387.52563,-285.7107,471.7088,389.7583,-284.90833,467.7777,389.4462,-284.8285,463.85568,389.27975,-284.802,500.3451,385.73477,-164.48735,461.90314,387.48633,-148.49043,486.73212,406.87448,-245.72403,473.1657,407.66107,-241.1493,535.6227,418.48294,-61.481712,436.8339,420.6032,-35.846603,579.0663,448.73892,-185.76546,412.00665,487.56967,20.983736,563.28357,430.33624,-425.3325,400.06998,537.2149,-80.51486,562.74426,425.45667,-472.13538,394.63458,550.26086,-86.591385,554.5225,421.5961,-475.75824,397.69867,552.5558,-128.276,552.5082,427.25232,-430.32367,405.95096,550.83496,-94.50589,508.22833,541.8786,-18.134491,454.7136,537.8469,18.345366,492.45932,629.4573,-209.97144,457.89734,578.7615,-394.76465,482.05066,732.26385,-156.53075,508.13043,687.88965,-363.44946,479.46735,745.9915,-158.99153,519.6925,700.3967,-364.2177,474.7093,767.3614,-309.69775,518.45233,728.7813,-492.5193
WhatsApp Image 2022-04-03 at 1.27.23 PM (3).jpeg,536.8869,352.83405,-496.90643,548.126,347.26056,-485.23218,551.22705,349.6606,-485.10077,554.4852,351.9839,-485.06506,539.92444,340.36636,-484.55447,537.1279,337.4896,-484.43732,534.2608,334.6732,-484.26535,557.83594,356.47952,-357.57538,529.5228,332.29065,-349.77493,537.5337,363.4899,-444.44284,526.7746,354.1516,-441.74606,558.3675,395.25418,-246.1239,488.40262,345.82016,-217.45578,584.70667,449.98093,-319.59738,424.45172,346.63977,-215.5979,627.5188,491.87314,-502.6977,365.42786,340.5569,-346.74664,645.76117,506.95645,-530.94055,343.38568,335.22668,-364.77512,644.33545,501.4323,-564.99786,346.9489,335.48975,-400.4697,635.35913,498.08652,-521.98804,353.53906,341.01593,-364.581,470.04382,489.46814,-12.657736,427.2149,460.0416,12.821857,458.08896,579.4154,-163.02617,354.24536,492.7515,-209.22739,455.93985,675.8202,-35.438038,289.6604,565.87354,-17.284668,451.12546,689.75635,-31.335644,287.73755,583.4257,-5.086982,454.4865,703.2026,-178.03871,249.59451,570.3676,-143.58461
WhatsApp Image 2022-04-03 at 1.27.23 PM (4).jpeg,309.7657,365.47955,-543.8438,308.2032,354.22498,-529.45355,310.29834,352.90314,-529.48114,312.59976,351.44647,-529.36053,299.70877,356.98395,-551.2654,295.63388,357.30145,-551.1281,291.67703,357.71912,-551.0571,306.73865,347.8442,-395.23865,278.3653,356.02557,-488.16504,310.83038,368.53455,-486.52588,300.07114,371.52246,-513.9222,320.37088,370.87967,-204.69327,243.64091,394.98203,-414.3742,344.24225,413.60425,-43.298595,221.99025,455.83646,-389.34442,380.90222,439.25574,-79.84623,256.49896,501.97534,-404.51562,392.39713,447.10486,-83.83523,262.42834,520.7402,-431.17346,396.9696,445.10175,-123.110825,278.6672,513.6813,-447.65833,389.15817,444.2249,-97.0098,276.27448,505.25287,-408.27264,325.32083,481.06213,50.08013,278.56326,507.68307,-49.746017,399.4215,509.8574,-83.75846,304.25806,604.7289,5.5624347,479.26917,564.6729,-54.169357,302.99066,674.18005,210.02979,487.82584,585.83905,-57.69123,297.6027,686.1679,225.31528,525.2528,554.97266,-144.37785,326.74487,701.41626,118.83351
WhatsApp Image 2022-04-03 at 1.27.23 PM (5).jpeg,268.3278,274.98334,-182.51791,265.53772,264.08035,-165.4939,268.37598,261.57928,-165.43411,271.2782,259.02817,-165.41039,257.07593,270.7434,-159.16571,253.681,272.9001,-159.0549,250.36966,275.11896,-158.94055,276.70032,259.2014,-59.715836,248.54938,280.36136,-21.723608,279.5971,277.58423,-143.81927,267.66052,286.27533,-132.94049,316.92575,283.6715,-58.880608,264.33423,324.36218,124.92099,350.64612,322.05527,-240.46191,266.14047,377.14835,116.49051,301.02075,284.39215,-459.72845,233.31857,415.66486,-51.554283,290.4324,274.67603,-505.39337,218.75052,434.51456,-70.11689,289.0417,268.4319,-491.53357,218.92543,428.29312,-88.021965,291.85834,274.02393,-460.6499,223.67116,421.66245,-65.05378,350.99228,400.0084,-66.26569,313.88098,419.67502,66.650154,378.26694,471.0591,-100.90607,314.10944,498.6121,-105.13621,426.2155,533.1252,83.93123,344.53085,587.55865,-27.32487,435.67725,539.8785,96.97034,354.59555,598.557,-27.277496,426.7447,567.8933,-7.902001,344.48862,624.1789,-153.84534
WhatsApp Image 2022-04-03 at 1.27.23 PM.jpeg,357.415,400.23575,-286.71143,353.82742,390.065,-275.80396,352.45898,389.37015,-275.7613,351.29395,388.54083,-275.70145,353.58456,391.00073,-311.756,351.80124,390.38007,-311.71152,350.0634,389.83276,-311.7731,338.59497,384.16626,-179.92029,336.1884,385.4854,-337.5702,348.85797,403.70984,-245.91254,348.91144,403.836,-292.02,335.99332,411.8086,-45.462547,292.30743,420.4886,-316.0381,350.7038,470.00296,58.182007,251.54211,481.0891,-321.34726,365.2722,515.33685,-25.837837,243.19963,551.68884,-340.2284,371.01288,524.9174,-37.916122,231.53876,569.92786,-370.49054,373.03302,522.3796,-79.29979,249.57913,568.35724,-391.0326,369.62247,520.48535,-45.365948,255.67355,562.2932,-344.8697,363.77948,536.367,80.53895,329.6042,555.7315,-80.347725,436.87482,588.44135,130.04205,351.1654,650.6884,-14.759121,502.204,651.61316,283.43945,339.1975,733.2417,180.25989,506.4926,668.73724,295.54956,334.70142,744.87573,196.93036,539.5945,662.38635,241.44516,352.7255,767.1104,115.711105
WhatsApp Image 2022-04-03 at 1.27.25 PM.jpeg,351.4024,442.60693,39.058563,351.81375,437.56427,68.325966,352.7766,438.65375,68.131,353.96786,439.62665,68.592445,346.0555,434.35242,48.12841,343.5356,432.9016,48.51274,340.96765,431.54596,48.9474,346.9015,442.95398,198.53119,330.68997,432.3239,109.201706,349.41006,450.58102,87.85246,342.29047,447.11737,60.933346,357.1046,477.90936,266.9227,303.47382,462.81012,73.70916,363.08453,522.0514,271.90497,321.8864,486.6499,-46.28405,378.34778,541.061,138.2186,369.6312,507.2086,-58.22001,386.89026,542.8528,104.52452,379.20367,511.24048,-85.71648,381.04803,537.6879,94.394615,383.69217,504.07397,-81.77628,377.49194,534.5555,127.49809,379.6092,504.6211,-53.436287,380.5323,570.81836,28.283604,345.89948,582.9031,-27.821314,401.56897,548.40155,-392.90982,356.11548,670.5527,-44.68596,483.3592,624.7051,-503.74557,357.95923,735.1692,58.38839,497.303,648.36755,-509.4931,356.34747,742.99255,63.26116,508.0744,615.62274,-630.58887,384.21167,750.22345,-80.91135
WhatsApp Image 2022-04-03 at 1.28.16 PM (2).jpeg,360.76715,467.8103,56.19272,364.11096,462.1377,81.74838,365.1944,463.37225,81.730606,366.3647,464.53833,81.700226,358.94592,457.4563,61.380928,356.93835,455.31183,61.45854,354.942,453.25632,61.404762,362.1265,463.18085,209.28603,347.36584,448.82825,119.32814,357.90137,474.66595,105.06206,352.93988,469.1032,77.979935,360.12875,493.7603,320.64774,314.78287,469.01102,79.397156,358.3788,529.2977,369.89624,313.9681,499.11185,-60.891365,361.65775,531.7374,243.70728,353.9181,504.9179,-118.23264,364.21036,531.9767,216.01588,364.15546,504.64545,-140.70926,364.68854,526.1484,202.40817,363.5694,498.4586,-131.86594,364.54193,525.7274,230.6994,361.2174,499.09253,-111.97873,356.0077,587.4631,58.57552,320.98288,586.7803,-58.43438,372.9832,577.5988,-252.90167,334.76135,678.4792,-123.11778,418.44186,667.2335,-300.91003,345.84894,750.447,-58.127785,422.40857,687.3084,-308.59457,345.3769,760.85266,-58.53733,438.36118,678.22217,-406.92123,368.38995,777.17365,-170.6599
WhatsApp Image 2022-04-03 at 1.28.16 PM.jpeg,520.5383,409.80228,-272.64764,526.9551,401.9702,-263.90033,530.30365,402.2155,-263.9065,533.7442,402.43225,-263.9572,517.60645,400.93985,-259.4754,514.3947,400.31522,-259.406,511.127,399.73633,-259.3389,539.28986,405.66245,-177.30287,508.63635,401.5475,-152.14745,526.58673,418.28906,-238.53558,514.86444,416.59283,-230.96205,552.85486,449.02676,-135.32172,489.49814,432.992,-42.86621,548.5774,503.86548,-157.42848,473.4619,480.461,23.60581,511.10632,512.66833,-265.1645,468.48935,510.31,-61.663727,501.92276,517.2908,-301.83282,467.38367,520.6642,-87.11519,497.40607,508.67734,-307.69073,467.11713,515.4845,-111.4337,501.1724,507.10217,-269.41504,467.91513,511.2834,-74.60699,510.78488,549.5962,-21.573483,469.8824,534.00824,21.561775,506.28674,635.80884,-61.36131,426.29962,562.92426,-192.47778,500.95926,716.35474,42.23844,383.66608,627.19305,-64.1756,500.77692,725.99963,46.94487,383.6165,635.52136,-53.900032,483.9292,747.1355,-78.259476,356.01562,654.94415,-149.97404
WhatsApp Image 2022-04-03 at 1.28.17 PM (1).jpeg,466.63824,422.09973,-396.24847,471.6667,411.08444,-391.21545,475.03418,410.3058,-391.12967,478.6223,409.4392,-391.0835,463.09396,412.92285,-377.15088,460.06757,413.161,-377.0131,457.0536,413.50308,-376.94,487.18958,411.03137,-299.62183,458.4104,415.5783,-226.16258,475.91553,428.6648,-359.61646,464.15067,430.406,-337.96405,515.91895,446.5386,-219.33835,450.84937,456.7484,-67.66224,570.0052,480.4865,-209.68707,434.35498,510.0927,-8.3383875,629.82764,509.80774,-313.6056,411.76288,551.31244,-170.20526,652.3007,514.97,-337.29245,402.97586,565.8474,-200.67256,649.87244,517.5339,-378.69495,403.78992,563.5465,-245.24521,641.459,520.04706,-331.10803,409.78027,561.16925,-194.70113,488.38702,570.9212,-52.501663,446.31876,568.2686,52.91667,484.9718,664.3893,-77.57871,428.3391,642.02814,52.642834,483.75522,745.7446,75.59876,420.07645,720.29877,272.68097,488.198,752.253,82.85642,426.33496,729.9364,288.46872,461.29553,791.7796,-65.44195,396.88037,759.12915,167.96974
WhatsApp Image 2022-04-03 at 1.28.17 PM (2).jpeg,324.27197,465.59204,-202.04675,325.86465,457.0428,-199.41875,328.10507,455.63446,-199.37119,330.49475,454.22083,-199.3933,320.29535,460.33954,-185.1304,318.5939,461.09528,-185.03717,316.90924,461.9725,-184.90964,338.22058,452.26602,-151.59595,321.1764,462.02115,-73.83772,333.2643,468.01328,-184.03035,326.38794,471.78345,-161.38545,370.07953,470.67145,-179.09311,326.4922,496.0092,49.841995,394.68365,449.95612,-366.532,319.72095,541.0718,129.42009,416.22736,416.9321,-563.77356,304.55765,579.82275,83.96958,427.80182,403.7505,-605.2734,298.2789,594.62854,103.360886,426.64224,405.54102,-613.60693,296.0228,592.3347,64.1618,423.4801,411.17603,-572.97046,299.68912,588.2672,68.49329,368.43698,573.42316,-78.29163,338.33038,574.4451,78.12349,350.83133,649.3949,-106.64289,305.4304,642.19104,78.98907,353.013,721.2046,-36.428944,287.4432,715.0899,132.72192,359.39392,731.5682,-38.09373,290.70694,728.41394,131.597,327.127,749.8314,-145.33455,260.47708,738.08594,48.760773
WhatsApp Image 2022-04-03 at 1.28.18 PM.jpeg,389.44684,490.47922,-373.2593,392.58765,479.44315,-368.91104,395.59894,478.0752,-368.77063,398.78772,476.69827,-368.64896,385.45325,482.41315,-357.23804,383.10687,483.03442,-357.17688,380.7893,483.76898,-357.11295,408.40338,475.06946,-290.3949,384.48862,484.16843,-216.64728,399.76492,493.7923,-342.27975,390.09988,497.2307,-320.51575,442.32513,499.05133,-248.8771,385.3228,518.93353,-71.87994,483.39648,501.84448,-424.17545,376.54926,568.7197,2.9044843,522.78143,501.9469,-664.7989,356.61206,600.7429,-68.170494,540.85345,499.81027,-712.86365,350.81064,612.2928,-57.42612,538.573,503.0702,-733.47156,346.43835,611.2424,-102.87935,532.67554,506.6123,-679.595,351.07907,608.1603,-86.82173,433.5561,608.78314,-63.657852,398.73944,608.58734,63.71023,414.16742,689.4435,-112.69351,377.8833,675.78156,139.16995,411.63586,760.1191,-1.0239971,376.67178,742.1294,322.22052,414.8506,766.8925,0.2460922,381.41388,751.1254,334.75458,391.1493,796.3397,-139.12141,354.69186,773.42773,238.59396
WhatsApp Image 2022-04-03 at 1.30.37 PM (2).jpeg,403.76788,494.4722,-190.51314,408.17395,485.29285,-190.98605,411.23584,484.45255,-190.87067,414.46643,483.60196,-190.89206,401.3357,486.76727,-174.09424,399.2907,486.83313,-173.97548,397.2306,486.98547,-173.90028,424.58618,482.95804,-144.68994,402.07898,486.4745,-54.879944,413.63568,498.73978,-171.46973,404.3932,500.08765,-145.29129,452.44034,509.64917,-163.69907,406.60095,518.7707,86.43623,470.36444,541.43964,-298.16727,395.98654,563.8141,176.14009,474.87933,575.55554,-511.588,372.40622,596.5532,97.22248,482.88776,587.4586,-559.7135,365.76245,608.8737,98.82793,474.4933,586.54553,-573.37964,361.60248,605.869,62.705627,472.8014,583.93414,-520.98413,364.44717,603.00586,80.37756,427.58044,609.68195,-82.709984,400.57745,607.3322,82.693954,409.73224,686.95605,-129.46942,365.76392,670.5815,5.609254,408.87164,761.7505,-44.52857,361.04852,744.6803,125.1384,415.55063,773.03955,-43.206623,366.24603,755.1564,132.24901,380.81546,787.6191,-147.51012,338.09283,772.52405,58.15543
WhatsApp Image 2022-04-03 at 1.30.37 PM (3).jpeg,524.42773,499.7181,-62.977264,527.10144,491.17307,-42.65995,528.66003,491.2453,-42.716103,530.27325,491.283,-42.730644,520.7416,489.47342,-60.979492,518.0918,488.21246,-60.849277,515.4784,487.0063,-60.922726,526.3831,488.7732,62.946327,507.03546,483.58282,-15.954166,522.9689,505.31012,-19.654442,516.1581,502.93085,-43.160427,530.02246,520.3103,175.21924,479.6908,514.2856,-41.811226,537.44653,570.78033,169.67801,513.58606,564.769,-74.353455,564.1495,570.1376,-3.0772266,561.94006,554.37256,-27.601479,572.1826,568.364,-30.058113,574.06683,553.6389,-40.60015,577.61835,559.8968,-49.5017,572.78357,543.60815,-38.514137,572.6527,560.2362,-18.01926,567.5886,543.1583,-21.881645,534.94696,613.1841,39.71753,500.84717,617.61646,-39.497513,540.3359,664.64465,-170.68364,516.11676,699.0641,-72.0887,555.7311,743.72217,-101.53618,540.9935,777.726,23.486713,555.80115,756.8215,-99.466705,544.2705,788.2825,25.790388,563.3557,765.5799,-211.1894,554.7537,806.67596,-81.44745
WhatsApp Image 2022-04-03 at 1.30.37 PM (4).jpeg,464.2825,522.0387,-253.58624,465.82773,512.7531,-243.26619,468.3718,511.85812,-243.27112,470.93878,510.8894,-243.2568,458.49292,515.05835,-244.44458,455.94495,515.55884,-244.36661,453.39395,516.105,-244.37045,474.49872,510.77466,-138.61324,450.50513,517.7185,-141.64319,470.54306,526.0428,-211.25784,461.5014,528.5881,-212.40042,497.92004,529.81604,-26.761646,446.55182,556.53564,-75.07313,527.1315,562.8162,-30.791656,465.53638,602.8986,-106.84219,528.0781,580.2554,-199.6522,510.68298,586.4123,-197.87161,530.3235,587.5769,-240.93127,525.45746,584.7847,-233.71642,524.9507,582.24,-260.6643,523.0814,577.4458,-238.2392,523.74884,578.9737,-212.12466,517.5232,577.3773,-199.84448,540.47906,614.0705,3.032462,505.5216,632.80255,-2.7963898,587.0282,680.48425,-32.767414,512.67487,714.25806,-33.038868,641.8628,738.48914,37.667057,521.9048,793.13635,56.832603,647.67053,746.4266,37.469437,526.551,802.49426,58.252853,648.2022,758.3472,-86.2413,519.7321,819.64905,-55.899456
WhatsApp Image 2022-04-03 at 1.30.37 PM (6).jpeg,430.5369,543.0309,-309.96832,431.23654,533.121,-296.32535,434.12622,531.8256,-296.2699,436.99704,530.4646,-296.19333,423.04144,536.1718,-302.40958,419.98105,536.9919,-302.42004,416.94733,537.8888,-302.4321,440.45956,529.8288,-186.37813,413.24426,539.8382,-211.22546,437.60846,546.81476,-264.921,427.51105,550.5702,-272.67416,463.21426,553.3206,-61.99415,407.7214,573.3352,-177.0907,481.60846,603.895,18.305216,448.02625,615.74896,-203.57185,490.9928,633.8803,-6.1606865,501.0122,623.7631,-208.739,496.4027,642.5962,-14.585251,515.5452,630.81226,-234.36752,495.2672,638.3368,-41.521076,518.0465,622.04376,-244.12766,492.01495,635.4452,-19.70306,511.8094,620.39526,-211.06024,493.0956,644.05835,4.5490403,455.3188,655.9811,-4.4857526,524.3655,720.65985,-116.99606,462.86182,745.12555,-39.711742,567.18567,807.17993,-72.74037,483.89563,829.3489,36.356987,570.78925,822.34296,-75.71919,494.6411,840.0033,35.003983,578.3122,824.7395,-215.28983,473.62244,860.5668,-88.481094
WhatsApp Image 2022-04-03 at 1.30.37 PM (7).jpeg,463.08557,550.8502,-388.08865,465.99597,540.0454,-376.6866,469.1654,539.44934,-376.69577,472.34985,538.7708,-376.6287,456.69794,540.9602,-380.1911,453.28958,540.83203,-380.1328,449.90414,540.7471,-380.10425,475.1703,537.6797,-258.11377,444.1592,540.41473,-271.29428,468.54868,555.82043,-338.71674,457.30206,556.55096,-342.59677,496.50156,563.59534,-125.724495,428.21017,579.30365,-171.54706,518.7085,618.25684,-43.447586,439.8316,640.0907,-166.82233,538.4346,664.0338,-85.6075,490.50787,634.50183,-238.67986,546.588,675.87854,-96.432335,505.4527,635.92456,-274.65955,546.78107,675.9555,-130.08492,505.84305,626.7873,-280.7715,541.80566,671.6822,-99.908585,500.23956,626.4139,-241.8956,520.5057,666.7476,-10.227457,481.66635,680.9092,10.288746,559.9831,746.5141,-57.423485,493.1075,766.80133,34.695324,607.709,827.4491,10.583576,517.2402,840.0897,197.17477,611.91815,838.1639,9.778675,526.4512,847.9934,205.76373,615.55896,853.43616,-129.36105,508.83994,871.86926,88.46982
WhatsApp Image 2022-04-03 at 1.31.11 PM.jpeg,372.788,525.6423,-302.11865,376.55795,515.96936,-295.19708,379.81262,514.7454,-295.123,383.24783,513.47327,-295.12396,368.9851,518.39197,-279.28467,366.74182,518.7346,-279.06818,364.4917,519.184,-278.98026,394.0796,512.95404,-208.78851,368.88168,519.6474,-120.426704,383.5885,529.749,-268.00677,373.19507,532.21704,-242.51157,429.94067,543.87427,-176.71951,369.60416,557.42346,73.14719,480.36493,579.0631,-190.41045,352.0725,607.4785,190.13902,522.8606,614.0089,-341.63647,328.24387,646.7285,77.856186,542.67975,623.9963,-377.36386,319.52127,660.6589,76.24486,536.3784,624.489,-419.19937,315.62323,658.6295,22.117073,529.81964,623.6055,-359.45325,320.57678,656.46643,51.865322,400.9042,665.62476,-89.7211,361.5374,662.81006,90.06241,385.54865,748.3222,-202.08167,333.4284,738.6007,157.0668,383.66904,833.6744,-34.47445,323.60193,817.4364,361.05646,389.85278,844.86554,-26.710793,332.10962,833.19775,373.89267,349.25647,871.21375,-170.69336,279.4783,845.83246,264.6547
WhatsApp Image 2022-04-03 at 1.31.13 PM.jpeg,437.46802,581.2167,-522.11414,447.42615,576.10284,-513.0891,450.2353,577.89246,-512.9723,453.14984,579.587,-513.00745,439.82587,570.8572,-509.0498,437.6207,568.7051,-508.86652,435.3299,566.6276,-508.64108,459.12653,582.4376,-393.67065,433.96655,564.4022,-371.64215,440.16516,589.4059,-472.27615,431.19983,582.5394,-465.9861,464.4679,626.5982,-271.7243,400.11725,575.9013,-198.5217,467.0321,686.3122,-200.27655,359.4803,578.2075,-54.77114,479.65143,748.41315,-212.43764,312.21677,591.9668,-88.00885,487.47595,763.92236,-208.60794,298.6396,596.2908,-87.41847,487.62988,766.8157,-248.48651,299.51306,595.8817,-125.92972,481.5142,760.7366,-225.298,305.44012,597.1175,-102.18789,404.96558,714.5911,-17.539154,363.2416,698.6606,17.616896,390.9715,805.37085,-17.4238,318.9513,785.8318,54.192078,393.84497,894.1418,153.79442,287.2399,859.3401,232.88965,394.91705,901.6588,163.9497,290.52438,869.35693,243.06514,374.5346,931.20337,24.509949,255.95975,890.2344,111.54144
WhatsApp Image 2022-04-03 at 1.31.14 PM (1).jpeg,374.5749,562.7726,-60.14715,380.3489,552.0847,-62.645638,383.6799,550.81384,-62.58585,387.1712,549.4415,-62.793995,372.74222,554.4325,-36.641987,370.90546,554.49084,-36.5375,369.05798,554.6438,-36.30326,400.53015,547.7175,-30.71254,377.60803,553.0234,92.75568,386.47375,567.67737,-46.03103,377.31537,569.99036,-10.692539,446.06287,584.96277,-54.888718,387.01044,599.4457,222.4071,493.8537,641.15173,-93.74101,393.3044,654.4224,299.38196,544.92944,688.8506,-161.84499,381.5362,710.32166,232.61603,567.165,697.84454,-184.23196,377.34528,725.75586,244.01463,563.9314,701.87085,-202.35727,371.2794,725.25366,207.87256,554.30945,700.72095,-169.54924,372.4901,721.72095,214.08115,416.78046,726.7685,-88.55675,376.58273,729.006,88.97452,409.44202,827.23804,-119.59234,345.0581,826.38635,-15.320702,408.5766,925.9516,-80.45998,331.4309,937.15894,17.287401,417.74185,941.0726,-81.35776,343.655,959.0773,13.836196,374.05603,963.9724,-204.8793,275.54358,962.79956,-97.92667
WhatsApp Image 2022-04-03 at 1.31.14 PM.jpeg,458.77725,588.64026,-176.34312,466.63422,579.56824,-166.00952,469.88818,580.26935,-166.04172,473.27783,580.935,-166.02289,457.01447,576.56055,-161.43988,453.81006,575.0129,-161.36777,450.59683,573.5092,-161.50867,477.93018,581.2539,-64.99675,446.81305,570.826,-43.658134,462.933,596.1167,-133.91061,451.50906,592.2246,-127.85196,486.22388,625.6158,-8.210645,417.40805,589.4702,67.27783,490.56802,684.6265,20.157915,366.08603,576.1195,36.064007,507.2525,741.59985,-48.156357,321.7829,542.85266,-172.1037,516.51025,756.2358,-55.73029,304.79892,531.3318,-206.71078,516.5202,756.60297,-92.44951,313.91132,527.7682,-228.7268,511.67368,752.9915,-63.3963,317.83185,533.9751,-187.83263,425.72195,745.69226,-38.552753,380.0291,732.6942,38.622925,406.2834,842.921,-84.82308,332.3857,827.6373,-32.436195,426.20892,932.1887,6.567503,304.7195,929.3262,10.697446,430.0006,941.0086,10.015575,310.17786,947.7216,7.1978264,413.75543,967.066,-105.70494,263.58667,948.1956,-112.804306
