WhatsApp Image 2022-04-03 at 1.31.14 PM (2).jpeg,463.19147,415.6071,-273.66534,469.10056,408.87482,-270.56595,472.13004,408.89166,-270.5135,475.3145,408.82733,-270.53015,461.86572,408.98798,-255.48187,459.50018,408.84888,-255.33284,457.1262,408.78134,-255.2109,482.5611,412.74725,-215.92973,458.3149,411.71344,-134.50409,469.95163,422.82025,-250.92877,459.72913,422.40765,-227.58032,501.14288,448.78113,-224.996,453.30295,452.31415,24.25077,515.73004,502.39243,-245.20831,445.80664,506.484,113.25034,499.48816,557.39215,-323.34988,431.3139,553.1085,21.54428,500.35684,575.95447,-356.30826,426.03067,568.6071,25.797787,489.26614,574.47687,-369.70908,424.40192,573.11633,-25.99518,489.45868,568.47955,-326.73868,430.94485,569.62244,-0.16108936,486.97278,549.19965,-87.67326,460.55536,550.7106,87.68196,487.90564,627.8546,-161.18936,464.92706,624.41565,128.05191,498.55453,707.53925,-127.046616,479.66028,695.1151,233.10153,509.60217,720.3607,-130.00209,490.3282,711.24255,238.36734,471.5141,735.74066,-236.3936,444.3042,714.6765,166.43733
WhatsApp Image 2022-04-03 at 1.31.14 PM (3).jpeg,457.50793,411.08707,-232.4248,463.9053,404.25653,-229.24872,467.1763,404.2332,-229.22287,470.63773,404.15326,-229.206,456.20923,404.40338,-214.5563,453.89438,404.2679,-214.42404,451.5728,404.19604,-214.30722,479.32104,407.82196,-173.30634,453.47232,406.83615,-92.85835,464.9361,418.45898,-209.36874,454.5562,418.05865,-186.19579,501.2923,445.55063,-194.94675,448.24548,448.2914,54.715385,508.91895,502.36774,-244.89505,442.36615,503.20215,128.87672,494.32022,554.88995,-362.10083,428.6955,550.67664,44.16667,497.2878,573.98444,-401.24835,422.63226,567.2043,44.85968,484.74615,572.18805,-414.13925,422.6403,569.64044,-0.6564448,483.52307,566.2677,-366.7683,427.94934,565.6332,24.730814,486.5811,548.0553,-89.594185,456.64984,551.2403,89.6033,479.1093,624.4368,-200.95697,459.69443,624.3764,135.97008,494.51196,705.9476,-144.36884,478.83112,691.3576,287.67203,505.93295,720.453,-144.99658,489.2356,706.9118,297.99902,466.6349,730.50146,-258.12494,446.36325,708.7937,226.37772
WhatsApp Image 2022-04-03 at 1.31.14 PM (4).jpeg,423.30707,431.097,-184.92708,426.60968,425.51025,-174.90837,429.19235,425.17035,-174.973,431.86493,424.78284,-174.92778,419.27133,426.51166,-170.72366,416.8474,426.85327,-170.6618,414.40768,427.23053,-170.69914,437.0399,428.10754,-113.35916,413.15363,431.22876,-89.18515,429.69974,437.74387,-161.42854,420.3521,438.90427,-154.36319,462.3318,469.40463,-78.24144,398.02304,470.92847,-36.193817,472.8426,519.2224,-64.99159,387.17792,517.41565,-10.033357,469.32947,567.417,-117.07482,386.86554,559.8189,-79.148315,471.091,581.9077,-138.13036,385.28366,574.7462,-98.872375,464.02576,582.477,-155.70096,391.03113,573.6127,-119.72234,461.26617,576.8175,-125.08243,394.13922,568.2349,-89.20719,449.76544,565.46954,-18.001936,413.14374,567.24677,18.143154,452.6119,630.9181,-21.219358,414.36887,637.3964,42.951065,455.41727,695.6918,67.583275,418.01556,701.4464,144.48143,455.1113,704.0481,70.68417,423.0235,711.7885,149.13106,453.1151,718.36847,-16.973976,406.49716,720.88245,67.87668
WhatsApp Image 2022-04-03 at 1.31.14 PM (5).jpeg,428.26007,421.76553,-377.98535,432.4582,415.45834,-367.09897,435.20667,415.25635,-367.11014,438.0706,414.9959,-367.05606,424.8874,416.29877,-362.3228,422.273,416.54907,-362.1956,419.68094,416.86542,-362.12616,443.89404,419.41058,-276.6685,418.42328,421.38876,-242.09097,434.82605,429.09628,-342.48206,424.7126,429.83688,-332.8308,465.3326,458.89966,-208.53253,403.8578,461.39368,-109.86136,475.1751,506.5502,-185.16394,391.96814,507.6007,-27.920797,474.62482,554.7957,-281.07318,387.166,553.7182,-107.33449,478.40417,571.6905,-313.54626,384.0607,569.3264,-118.12329,470.7569,572.4971,-339.81253,387.05063,571.2925,-163.73727,467.85114,566.572,-292.2387,392.25922,566.13635,-126.60306,450.33353,549.12274,-44.28154,414.8335,550.5753,44.32438,450.3722,626.048,-99.42972,413.99176,630.0645,112.553055,457.3106,700.64087,-23.116142,420.51318,692.6372,287.40808,459.87366,709.7003,-23.268097,428.3407,702.9667,299.38184,452.14838,731.22034,-149.26698,398.509,719.4672,200.17351
WhatsApp Image 2022-04-03 at 1.31.14 PM (6).jpeg,474.7185,435.2674,-7.2405467,478.098,427.96344,-16.114105,480.4652,427.3685,-16.119234,483.0072,426.74762,-16.200905,474.0677,429.4367,8.5396805,473.4198,429.80414,8.606997,472.80127,430.20334,8.703869,493.70483,427.7641,-37.16041,480.6469,431.7751,85.11549,482.6511,440.46024,-14.008402,477.5849,442.4266,21.227127,520.6365,459.6958,-103.24513,491.78952,467.22314,157.1854,528.3908,506.562,-184.59557,485.4043,514.1628,200.0684,513.3431,560.91406,-280.43857,466.22635,552.86786,139.2662,516.08887,579.7488,-312.03952,460.3311,566.497,140.2537,504.25616,577.68445,-313.04565,458.27246,565.386,113.82913,503.3327,571.7339,-281.2336,460.785,560.80865,126.62702,497.92566,554.27686,-89.61629,480.32422,559.47736,89.86644,494.28528,627.72375,-148.97778,466.625,630.1957,137.57011,509.73645,701.4298,-146.71515,479.0052,692.798,243.40692,519.12134,714.5824,-149.21559,487.21246,704.9154,250.82794,490.08902,726.641,-229.66702,454.29053,711.3638,204.53983
WhatsApp Image 2022-04-03 at 1.31.53 PM (1).jpeg,360.50287,439.14548,-150.254,363.94543,431.4284,-153.51385,366.43127,430.44226,-153.53026,369.0525,429.38257,-153.5329,358.50873,433.63934,-134.4849,356.87115,434.1437,-134.41788,355.246,434.72226,-134.38873,378.06525,428.84534,-127.767914,360.1263,435.2453,-35.90977,369.0433,442.92755,-137.66934,361.93005,445.41138,-111.00246,410.32516,456.72937,-147.41736,362.12302,470.83932,64.16618,428.88043,508.97748,-174.49963,358.0767,518.3865,103.84659,421.11792,562.4077,-238.65573,349.4228,564.65234,5.623056,425.34357,578.25073,-270.79675,345.91055,581.3255,-8.641022,413.9489,579.70593,-279.76227,348.70734,581.29645,-41.247837,412.36908,575.1604,-242.74014,353.26407,575.57245,-10.739487,404.9309,564.8644,-83.84718,381.86346,570.32245,83.929955,393.94672,638.3926,-187.59886,391.64386,639.6411,116.412384,398.42065,723.32574,-190.03267,415.2019,709.0985,184.08759,408.39523,737.3133,-196.10333,425.90448,723.1279,185.73369,366.92648,744.4198,-302.47675,387.83655,726.1241,118.7436
WhatsApp Image 2022-04-03 at 1.31.53 PM (2).jpeg,288.04446,448.0941,-424.889,291.8255,441.40875,-415.954,294.35443,441.669,-415.9377,297.01334,441.82898,-415.85495,283.9847,440.73022,-419.35828,281.1062,440.27264,-419.26788,278.25433,439.88568,-419.19232,298.5895,444.72717,-313.03552,272.281,441.85538,-319.19165,290.86902,455.8545,-382.04434,281.41492,454.55768,-384.04688,318.6287,483.16797,-208.58469,245.08951,484.73325,-201.04742,339.30377,533.7429,-157.41136,233.3643,542.11926,-150.39767,352.182,586.78595,-224.24045,223.4797,596.7691,-207.74556,358.92792,600.1928,-246.5326,218.07294,611.14685,-224.58759,355.2492,603.42633,-279.58286,220.04538,615.0073,-267.63184,350.2533,599.8417,-238.52182,226.49237,610.6659,-226.08612,311.46396,587.57196,-12.6727495,268.22675,592.16547,12.660139,329.12494,668.4436,-59.145733,264.4019,673.9403,75.94253,351.84683,748.8566,33.662743,268.7677,745.26086,252.23187,353.57126,759.0519,36.180145,275.3993,755.6133,264.00583,355.5545,776.7755,-87.44702,251.31363,773.073,159.60513
WhatsApp Image 2022-04-03 at 1.31.53 PM (4).jpeg,282.24463,442.56897,-264.86157,284.23746,436.51,-242.76593,286.49533,436.78217,-242.7188,288.86847,436.99658,-242.66196,277.1007,435.6341,-260.29803,273.94824,435.1266,-260.1855,270.8329,434.70132,-260.19757,287.01425,440.66757,-118.44967,263.27457,437.49875,-201.17941,284.51984,449.82623,-217.95694,274.51898,448.6651,-242.12378,286.0151,480.2266,21.380947,241.48672,474.9737,-223.4627,288.291,529.5384,96.8121,233.74365,529.9542,-262.03052,299.80237,578.8406,21.346554,250.96283,586.3924,-319.12115,304.9239,593.0345,23.436033,248.76306,603.80206,-353.50092,306.3882,595.28143,-16.739191,264.05432,603.04767,-358.46814,302.25275,591.8724,4.5645065,263.62827,597.9671,-320.089,281.66544,577.7713,81.522026,256.49933,579.92255,-81.09989,283.73187,652.6803,162.6639,257.93982,663.1403,-82.614784,271.78516,717.45996,293.18533,246.68356,732.4414,-62.908875,262.37225,730.1853,302.0381,236.87756,743.6404,-66.23532,304.97894,738.2526,241.95828,272.04834,761.68146,-172.42715
WhatsApp Image 2022-04-03 at 1.31.53 PM (5).jpeg,364.29062,464.08844,-250.5563,364.39194,457.22443,-226.94528,366.36496,457.23376,-226.9243,368.44174,457.18146,-226.8822,357.56833,457.00424,-246.78976,354.3502,456.71472,-246.70645,351.21326,456.5006,-246.81189,364.502,459.89587,-105.42409,342.35208,459.0639,-199.70201,365.93106,471.15234,-205.42123,356.3023,470.78107,-233.03444,363.55322,502.00336,39.031105,322.25858,501.05255,-225.20834,366.3581,555.8197,131.17108,312.01874,557.95264,-255.79243,374.74362,601.8689,66.55812,331.93042,610.00793,-295.93478,377.84802,612.59393,71.61008,333.18732,626.43146,-328.02246,380.892,613.15607,37.751614,345.2808,623.9698,-331.65848,378.1772,610.24457,51.946342,344.25726,618.235,-295.45245,359.74066,603.59064,88.447525,339.00085,608.4425,-88.14223,355.5876,683.7561,209.02895,356.13364,693.5863,-96.474594,341.29825,752.91406,351.59512,357.85498,772.47046,-100.90734,333.32202,765.2865,362.27966,348.58746,786.09534,-106.35213,370.0647,776.018,313.12067,389.2342,798.0666,-201.09479
WhatsApp Image 2022-04-03 at 1.31.53 PM (6).jpeg,372.37573,447.43463,-270.93396,373.24826,440.88544,-247.38414,375.50763,440.87067,-247.37292,377.90912,440.79346,-247.29955,365.65482,440.95343,-268.1454,362.1607,440.85883,-268.01773,358.7427,440.844,-268.15393,375.21683,444.34445,-113.170456,350.31494,443.95917,-213.59653,374.91534,455.19025,-220.72412,364.60648,455.2682,-249.63863,375.31506,486.7825,47.44085,331.84177,483.88873,-239.24098,376.36847,540.1981,126.815765,328.01544,539.629,-282.90704,387.27728,590.18225,43.288788,339.40417,595.09595,-388.3722,391.46844,603.6872,47.47336,336.328,611.34076,-433.07416,392.87897,604.97736,4.3044996,350.73856,611.3724,-441.79553,389.99652,601.66595,27.235966,351.48004,605.98914,-391.53415,373.3195,583.47174,105.94037,351.66852,586.1184,-105.41655,354.26447,671.0257,198.30096,373.22757,675.0209,-176.93593,338.9851,745.19226,319.50372,371.11758,767.98895,-265.7126,329.93396,760.8054,327.44226,359.8249,785.86035,-280.7172,377.55298,764.19775,267.96924,409.8072,794.94965,-400.68127
WhatsApp Image 2022-04-03 at 1.31.53 PM (7).jpeg,309.72934,465.46002,-217.9166,312.7201,459.80768,-195.45639,315.23285,460.12558,-195.40811,317.86658,460.3642,-195.36557,305.21198,458.98035,-209.2425,302.18747,458.57864,-209.16426,299.17413,458.23795,-209.19681,318.32635,464.86127,-75.39593,293.68768,462.02524,-141.21024,313.35837,473.62585,-173.6268,303.17322,472.54333,-192.94153,324.35904,507.11218,47.774963,275.33627,499.4491,-175.7896,333.91943,559.12866,101.616646,272.65527,554.1968,-243.01105,344.26144,610.33704,31.982145,289.60025,610.3953,-319.44623,350.02692,624.5473,29.94369,287.41034,628.15234,-358.16724,349.39902,627.1736,-4.8001046,301.40997,627.33417,-363.21985,345.7403,623.57623,16.302534,300.60315,622.5832,-321.91922,322.55743,603.3039,74.944305,292.6722,602.35486,-74.48834,323.2824,686.1225,113.70664,283.08713,685.5858,-109.46498,327.92938,760.1053,201.69812,253.23578,760.28845,-106.55235,321.94888,773.57434,204.97783,242.1351,769.9154,-112.18046,356.57013,783.3316,112.27104,273.67923,795.8685,-233.40082
WhatsApp Image 2022-04-03 at 1.31.53 PM (8).jpeg,299.99857,456.10468,-417.5393,304.38965,452.06952,-402.82367,306.977,452.40033,-402.76508,309.6662,452.65967,-402.66718,296.644,451.82318,-406.55585,294.0699,451.79852,-406.46173,291.49536,451.84512,-406.46503,312.95032,459.08853,-285.93683,287.844,457.44843,-303.36227,304.34512,464.87903,-371.89587,294.64136,464.1889,-377.09348,329.71277,503.3195,-169.30653,266.05237,497.6552,-198.60974,342.3181,551.32025,-99.610214,249.89444,543.6193,-162.02231,347.31192,594.7814,-174.3677,245.6428,591.99066,-239.14374,351.9061,607.1314,-198.06798,241.37769,605.2723,-266.85358,347.57092,609.5044,-234.20572,245.17807,607.9775,-304.35068,344.55176,605.7888,-189.69865,249.78546,603.51917,-255.60788,314.36835,588.88605,20.937445,277.1442,588.13605,-20.879845,318.1405,664.5601,44.854904,269.0476,668.5514,-13.033513,321.5884,734.4586,197.67725,267.1281,741.1807,135.02315,317.65002,746.07446,205.67409,271.40375,750.88214,142.03864,337.2667,754.8677,88.859,254.59119,768.4758,17.169407
WhatsApp Image 2022-04-03 at 1.31.53 PM.jpeg,374.95282,440.8974,-259.0722,378.1914,433.94153,-260.8339,380.84265,433.10727,-260.7745,383.66858,432.17297,-260.81406,371.52985,435.7737,-240.2759,369.78925,436.08243,-240.14401,368.03854,436.4439,-240.02435,392.56396,431.4547,-215.49557,371.0987,436.34375,-110.02467,383.1647,445.24225,-239.21194,375.6478,447.27023,-208.79367,421.42868,459.33704,-222.13728,377.82547,467.74072,63.375526,435.60547,514.52747,-250.44885,373.74088,520.25635,164.44217,430.07895,566.3318,-360.2402,360.36243,563.5702,83.90778,436.4878,583.4325,-407.85797,354.12268,577.98785,90.10516,423.6678,581.8243,-422.53937,353.9054,580.00665,38.724506,421.58063,576.2133,-366.2172,358.46143,576.90326,63.39941,421.00885,559.97217,-94.34747,391.62616,567.2218,94.365364,435.3252,636.4572,-154.75385,393.96112,643.5228,105.931015,485.41068,686.0925,-16.678757,407.98032,710.7551,237.62747,497.7661,691.8972,-6.1731462,418.141,726.283,245.22624,484.2506,717.5536,-109.32095,379.39102,729.99384,154.89291
WhatsApp Image 2022-04-03 at 1.35.31 PM (1).jpeg,303.14783,423.3723,-319.4748,305.15326,418.0207,-305.62424,307.23914,418.27618,-305.54437,309.41705,418.45224,-305.44257,298.3407,417.47018,-313.96,295.6447,417.1864,-313.89673,292.96375,416.98016,-313.9452,308.60922,422.74884,-200.65665,286.19495,420.5174,-240.6322,304.90454,430.9755,-277.62518,296.32358,430.04028,-289.3042,320.85703,462.42462,-94.670746,259.90097,458.04745,-175.80898,333.34583,508.97583,-24.300919,247.35669,503.6054,-160.69727,343.12277,549.6185,-104.38887,252.89377,553.6623,-209.70937,347.7628,561.1058,-120.92699,250.93219,567.81604,-234.49854,347.2627,562.1631,-154.82747,257.8908,568.8013,-258.7896,343.36328,558.8778,-120.18204,260.2405,563.712,-219.35023,311.5457,551.3677,24.072376,276.22916,554.2624,-24.065758,328.98938,624.2049,-3.2056246,276.52393,624.96606,-91.44879,337.96716,695.49445,99.08702,296.50464,695.7327,38.941265,332.90152,708.56976,103.367294,302.62256,705.2387,45.655647,361.8604,711.8326,4.8782907,292.92648,718.7839,-60.0007
WhatsApp Image 2022-04-03 at 1.35.31 PM (2).jpeg,403.40744,405.8842,-299.1635,404.95538,399.13977,-274.99805,407.47174,399.43784,-274.9811,410.12103,399.6911,-275.0035,396.80402,398.0611,-295.09866,393.12933,397.36884,-294.93277,389.5349,396.7759,-294.96594,406.66122,402.76404,-138.1353,379.62225,398.90744,-233.487,405.42633,413.76254,-246.54066,393.9502,412.17316,-274.35056,402.0151,447.14545,14.5902,356.68167,437.57037,-262.84427,401.07852,502.51147,106.69797,345.78888,492.7566,-329.63,413.59726,547.4917,49.079533,365.91235,546.05774,-424.6072,418.625,561.4701,58.330708,363.2288,564.68805,-466.90997,419.61996,561.2165,15.774174,381.22598,563.46875,-469.33777,416.65,557.9249,33.073936,381.1429,558.71356,-424.67386,391.93274,546.9639,96.23357,366.47015,548.73596,-95.77278,385.49652,617.921,234.56143,378.01898,637.08673,-64.57836,361.35193,682.7997,416.6056,371.44522,709.9727,-8.242255,349.97253,695.4829,431.52972,359.712,721.44586,-7.129407,390.91498,708.05554,378.39105,402.40622,743.5459,-111.08566
WhatsApp Image 2022-04-03 at 1.35.31 PM (3).jpeg,267.4379,421.43628,-467.75528,271.9328,416.05072,-456.3114,274.70282,416.09674,-456.2407,277.5437,416.06226,-456.15497,264.20404,416.29797,-458.5219,261.65213,416.3015,-458.41547,259.11316,416.3739,-458.3579,282.74146,420.28528,-343.52615,257.08087,420.1781,-351.90997,273.2972,428.52466,-422.5266,263.5409,428.46313,-425.28394,305.547,456.27435,-222.78949,240.20357,459.0739,-249.10385,320.2488,503.9906,-163.04704,228.83199,510.2182,-209.01886,324.00266,550.6249,-242.32498,231.18762,560.90857,-276.76642,328.75476,564.1727,-267.85883,228.64767,575.3717,-301.0174,322.73206,566.1379,-302.3857,233.0792,578.19196,-339.62817,319.26245,561.8762,-257.14838,237.3758,572.9527,-293.11786,301.9203,543.47986,14.914698,263.67914,546.7339,-14.895965,315.29822,622.8333,10.91637,264.52704,625.7731,-8.122066,328.1808,697.9817,130.56279,271.79126,695.04016,139.72406,325.67645,711.0632,135.23047,277.6037,704.7989,147.07195,346.03223,717.0089,20.119846,264.04404,721.69855,34.345314
WhatsApp Image 2022-04-03 at 1.35.31 PM (4).jpeg,362.96524,428.05865,-450.11792,367.62827,423.36243,-437.4308,370.33282,423.77014,-437.35004,373.14944,424.10858,-437.22302,359.73615,422.6178,-440.91473,357.03894,422.35046,-440.8351,354.35016,422.14053,-440.84995,376.79898,429.4524,-325.67172,350.47656,426.07675,-336.20514,367.3252,436.34332,-405.31702,357.25974,435.02893,-408.56442,394.36786,469.39993,-199.44586,327.2539,464.5706,-225.98123,407.20248,516.6771,-133.921,314.80634,511.20322,-162.15472,412.08298,559.3294,-212.22862,310.3242,558.2141,-217.4876,416.58627,571.7084,-236.93513,306.9411,572.53766,-240.77467,412.811,573.1088,-274.28796,311.80322,573.5663,-276.99106,409.26334,569.89526,-228.6691,315.61417,569.04443,-232.03249,381.6822,553.4064,9.603641,342.1341,554.81744,-9.598151,384.65448,629.37463,31.144478,330.47787,633.60626,21.133305,390.39398,700.8198,174.10864,319.38696,699.47797,181.73404,388.14066,710.6523,181.71494,322.32324,709.92334,191.1,397.78482,726.6639,66.90282,303.15607,723.4171,76.77705
WhatsApp Image 2022-04-03 at 1.35.31 PM (5).jpeg,409.94464,474.02527,-486.1457,415.67102,467.5354,-482.13684,418.24554,467.77063,-482.0494,420.95746,467.90857,-482.0791,408.26642,467.09552,-475.31937,406.02786,466.7454,-475.1672,403.7802,466.5109,-474.92548,427.0556,469.87643,-381.81882,402.39267,467.32318,-339.31207,414.78687,480.82013,-443.06808,406.20438,479.84418,-430.46988,451.90277,496.7254,-270.50333,382.4309,496.04987,-161.44171,496.24292,515.5364,-233.13634,358.3476,525.1644,15.704172,519.77216,561.99036,-328.18774,338.6346,564.1143,-4.2371726,530.1092,578.81287,-358.11993,331.5468,577.4665,-9.713987,520.4127,578.83575,-394.3375,335.8525,578.4045,-54.753834,515.39185,575.1488,-342.8483,341.19708,575.4106,-20.780539,436.69696,592.39075,-39.383324,397.92682,592.9415,39.39711,450.81677,668.9242,-143.0288,385.55664,665.1671,144.40065,465.8133,743.923,-45.68924,372.5159,726.6103,361.5126,466.01752,755.9229,-44.42751,377.0727,739.58124,376.2762,467.72632,768.3013,-191.8165,349.78915,747.5043,256.99194
WhatsApp Image 2022-04-03 at 1.35.31 PM.jpeg,316.0146,452.9796,-391.95547,319.69174,448.5053,-377.408,321.82172,449.00476,-377.3583,324.05472,449.43713,-377.27713,312.91254,447.42365,-383.92337,310.47626,446.97766,-383.80933,308.04343,446.6021,-383.78552,324.83887,454.50226,-261.331,303.0127,450.3629,-291.85233,318.27515,461.2287,-345.92844,309.82104,459.46472,-355.06104,338.75366,495.74695,-146.2753,277.51654,490.7638,-198.03392,351.98376,542.9824,-81.82588,262.82574,537.2386,-165.51474,360.3341,589.0052,-171.75703,264.46582,590.1074,-227.5377,365.38724,601.4212,-196.3872,261.6635,604.94904,-254.03479,362.58704,604.402,-232.02444,267.50687,606.8967,-286.40433,358.83423,600.6881,-188.57994,270.68256,601.24664,-241.28412,330.26666,582.4149,19.663383,294.00226,583.6986,-19.594845,330.17133,658.5655,18.59655,280.7093,663.42346,-38.789394,333.99002,730.4116,151.61441,278.1869,734.00415,113.835,330.42532,741.9895,157.8786,280.9272,742.10583,121.77289,348.57343,750.8832,40.420128,272.6967,762.5169,2.0401936
WhatsApp Image 2022-04-03 at 1.35.32 PM (1).jpeg,368.70322,446.71234,-462.97073,374.64255,440.87866,-457.7329,377.5136,441.40662,-457.6929,380.52374,441.86606,-457.63196,366.97754,439.91803,-449.45642,364.40015,439.49042,-449.33942,361.8222,439.1375,-449.23596,386.1499,447.2764,-367.89102,359.90363,442.90137,-320.8053,373.97577,455.43616,-424.5836,363.65552,453.72964,-410.85956,406.5845,483.95407,-263.78772,338.51434,477.8803,-170.02147,434.7104,520.35486,-173.73257,307.40204,515.8288,-59.761337,418.98395,559.3418,-222.19327,324.05908,555.9814,-144.64394,415.55557,573.5325,-260.97064,326.90778,571.7161,-172.13776,407.17136,568.56146,-281.15485,336.3007,567.97906,-198.66483,407.73093,562.7508,-230.22687,336.32953,560.83563,-155.9249,388.8208,577.868,-38.25807,350.38373,576.5185,38.392097,403.43967,650.41656,-119.98256,337.42474,649.9579,123.07909,418.6321,720.86334,30.731434,325.9344,708.5704,355.90356,419.6034,729.82446,39.471375,330.30237,720.4246,373.1006,415.64624,748.9073,-94.32065,301.4358,728.65717,261.7193
WhatsApp Image 2022-04-03 at 1.35.32 PM.jpeg,358.2417,596.58673,-166.93073,363.4248,599.9836,-204.77174,366.10934,600.0485,-204.71819,368.59747,600.0586,-204.71371,355.93655,598.9534,-197.64638,353.3672,598.442,-197.59421,350.89673,597.6326,-197.6384,371.93353,592.76025,-290.63788,347.822,589.02484,-254.45493,361.3127,590.7146,-188.43277,353.86652,589.5837,-176.99492,394.86188,577.0053,-265.85324,328.62607,573.5755,-206.94612,411.1085,644.85156,-250.36438,313.8179,618.01953,-128.78702,406.64236,695.94556,-274.28867,304.9174,665.4994,-140.02426,409.6107,705.9486,-308.38675,295.36234,675.08057,-162.2081,402.11984,709.805,-316.66025,304.7565,680.6382,-180.74643,398.80856,704.1608,-279.28278,311.40918,676.858,-148.454,383.38208,465.0243,-22.543743,342.6245,458.2054,22.282473,407.7013,554.64545,153.1589,333.4987,465.7175,297.53955,391.53488,544.15485,407.86002,350.1162,438.0872,631.4015,387.8918,539.5397,432.6176,355.674,430.32654,666.76917,397.29254,559.9242,407.17535,348.55383,438.6789,652.66235
WhatsApp Image 2022-04-03 at 1.36.13 PM.jpeg,362.46225,421.1889,-511.4245,367.7444,415.8206,-505.38403,370.68808,416.07147,-505.2558,373.78656,416.27087,-505.23706,359.7687,415.94135,-494.01074,357.24966,416.0607,-493.85944,354.7041,416.27295,-493.68774,381.30493,422.2434,-413.77414,354.38776,421.45435,-345.42624,369.0431,430.20166,-473.88513,359.02628,430.07086,-454.10388,406.31516,462.95312,-318.95294,339.68695,460.2918,-186.15646,427.92358,503.82144,-295.9799,320.667,503.6405,-71.73637,427.56744,555.8865,-410.5376,314.5048,550.7787,-151.84915,432.8323,574.35016,-452.41086,309.24442,566.0005,-170.64716,421.70673,571.5574,-485.09097,316.42554,567.4259,-215.31076,418.6898,566.8041,-423.76434,321.3011,563.2634,-170.1871,384.8667,558.6893,-48.35285,344.38153,554.21674,48.298607,394.93085,632.42255,-98.40699,316.5399,617.50665,112.45429,414.3512,693.00006,125.61761,295.65085,677.40137,324.29782,416.2781,698.77045,141.3815,299.76413,691.0047,338.2598,410.598,728.1782,6.511882,263.5255,698.1059,216.9098
WhatsApp Image 2022-04-03 at 1.36.14 PM (1).jpeg,274.6032,428.60242,-245.15135,275.7106,422.63885,-228.56213,277.76654,422.65848,-228.53568,279.9789,422.64673,-228.58908,269.661,422.62512,-242.3931,266.9942,422.40704,-242.22359,264.33463,422.29053,-242.28467,278.99588,425.66177,-122.488976,258.2198,424.7693,-189.53159,277.3775,434.54825,-204.54214,267.98868,434.4549,-223.7345,275.4914,458.3836,18.068047,242.81253,460.38916,-212.2441,264.35434,499.9489,111.237465,214.16734,502.98166,-243.63779,268.54852,541.8043,45.777336,232.7862,543.7781,-274.5948,270.17902,552.13635,48.946457,234.52118,552.9517,-300.07532,273.48315,552.6404,17.038097,245.4977,549.23505,-300.22552,271.67416,550.34,32.658043,242.90446,547.2339,-271.846,270.30792,547.1926,79.43566,249.18771,550.2012,-79.23334,276.7694,610.2679,184.18195,243.31656,624.98535,-117.74916,268.25214,669.75824,313.16943,222.26605,696.0086,-152.73941,258.69266,683.2602,323.1836,210.689,708.6404,-161.29443,307.3469,685.86487,276.93182,247.60797,723.2111,-254.29932
WhatsApp Image 2022-04-03 at 1.36.14 PM (3).jpeg,348.9853,594.1261,-217.69705,357.24933,596.43677,-224.4324,360.05634,596.5982,-224.24014,362.78174,596.7362,-224.2192,349.53522,595.4694,-228.39258,346.78537,594.9403,-228.37155,344.09225,594.346,-228.24847,368.4795,591.8723,-236.07193,341.71594,588.5812,-249.91367,351.39853,589.6095,-218.34653,343.5904,588.50525,-222.3035,390.48404,576.53107,-186.43985,301.17963,560.20605,-211.88089,412.0437,536.8723,-122.87144,295.79382,529.47,-150.51863,402.8377,498.4017,-32.864708,334.9466,488.15125,-46.144047,408.14056,489.7939,-22.397997,345.00925,478.87064,-29.900826,397.1684,488.08948,-36.202362,350.05597,476.07642,-33.745155,393.03506,489.58502,-34.40828,350.95013,480.0519,-42.918907,386.43027,505.15582,21.156698,338.5041,486.8935,-20.686237,384.07526,527.1947,197.62433,334.51553,512.8713,101.12686,366.27612,552.65027,332.51898,339.20877,579.76404,282.55164,361.7229,554.0873,341.71655,342.02795,586.17474,296.1807,353.79007,566.4423,320.25415,334.88016,611.94995,291.6148
WhatsApp Image 2022-04-03 at 1.36.14 PM (4).jpeg,434.1104,404.76907,-430.29758,437.4057,398.18494,-422.0194,439.69455,398.23444,-421.9901,442.0382,398.20532,-421.9358,430.36383,398.08957,-424.79672,427.7711,397.8518,-424.682,425.18494,397.67133,-424.62735,443.76294,400.4742,-321.00284,420.18756,399.4738,-329.79388,437.40155,410.8041,-387.98346,428.3869,410.22955,-390.54776,459.84842,431.01855,-212.41608,396.8896,431.49652,-205.99872,479.85938,469.34244,-146.72559,372.5899,472.4313,-132.02003,474.07773,504.62143,-222.46338,384.4165,508.90225,-201.633,473.4464,516.30646,-257.11206,385.95532,521.42035,-227.77725,466.41663,514.73535,-281.48383,393.0326,519.2371,-254.90602,465.67575,510.01343,-233.6239,393.73215,513.9898,-212.68268,450.2824,515.2132,-3.5677993,415.08203,517.1831,3.4834707,459.14258,588.07104,-9.402017,409.92218,588.8835,18.061369,471.93225,656.61127,100.06793,403.9337,656.9747,142.40503,471.99527,666.10986,104.50313,408.93927,668.5185,148.28804,474.39722,679.41864,-6.0173197,384.65192,680.375,43.692635
WhatsApp Image 2022-04-03 at 1.36.14 PM (5).jpeg,450.26422,401.41223,-320.93402,455.81424,394.50732,-312.16068,458.93457,394.51288,-312.1959,462.20572,394.45004,-312.1641,447.77478,394.77087,-304.7052,444.88266,394.7298,-304.58588,442.00443,394.76215,-304.4532,468.6212,399.33276,-233.52927,441.09357,399.02026,-185.44128,457.21033,409.29633,-289.5481,445.60675,409.03204,-275.7556,488.12924,440.4525,-207.78711,428.70898,438.44974,-49.699234,509.69214,487.46967,-206.87268,413.7487,485.12836,24.111095,491.52585,531.4616,-298.65933,410.4566,524.9844,-83.32138,489.64136,546.2762,-335.56747,408.94345,539.27264,-101.91559,479.57803,543.83264,-348.3936,411.39752,539.48615,-137.79034,479.899,538.0484,-304.79776,415.24335,534.26904,-100.3101,467.55057,538.29785,-67.86415,435.19818,537.3741,67.99553,475.1648,612.84406,-171.8699,433.43848,611.3663,190.65088,488.29108,695.54834,-138.83289,438.8249,675.7528,366.92404,496.5219,707.45087,-141.13026,449.0516,690.1139,381.17474,468.31854,724.38257,-254.55713,403.28055,697.1334,308.22375
WhatsApp Image 2022-04-03 at 1.36.14 PM (6).jpeg,380.73264,420.15393,-417.39743,385.75958,413.97266,-405.0694,388.92892,414.0211,-405.04242,392.23767,413.9961,-404.96475,376.99988,414.35416,-399.90955,373.9879,414.4519,-399.7715,370.9861,414.6226,-399.67682,398.11194,419.47028,-304.66748,368.6377,419.91476,-270.31906,387.44354,428.77704,-378.18774,375.62128,428.819,-368.19382,420.64465,465.89343,-231.32892,348.39343,461.75403,-142.39386,436.88736,515.83813,-207.64716,328.10666,508.08337,-76.71593,430.41797,557.4314,-324.57227,332.2356,547.2923,-200.03473,431.74066,573.2055,-369.3093,331.1112,563.46594,-237.26683,421.7645,569.8854,-394.503,340.57587,560.0001,-271.27502,420.43713,563.5745,-336.0615,343.0138,553.58887,-216.66699,401.5053,562.77167,-36.982903,360.12106,562.2116,37.017296,414.8702,641.819,-91.81806,354.1477,642.28064,105.36339,435.99878,720.81287,49.78032,350.1042,713.2036,299.4279,438.46124,730.6957,57.46708,356.97955,726.13806,312.60324,434.62567,750.96747,-81.23025,324.64557,738.44617,196.08978
WhatsApp Image 2022-04-03 at 1.36.14 PM (7).jpeg,392.31183,434.3826,-465.12863,398.45795,428.34875,-453.57596,401.8673,428.6112,-453.50763,405.42133,428.79822,-453.4311,389.4131,428.2774,-446.45715,386.42853,428.24277,-446.2924,383.4566,428.2998,-446.21423,412.9016,435.3453,-348.9441,382.4379,434.3285,-305.3244,399.9052,444.0971,-423.83392,387.47272,443.56924,-411.2066,435.17957,484.4707,-258.54367,363.30823,477.40088,-160.95201,455.9676,527.8694,-226.50206,336.99548,522.2273,-66.80891,446.16733,571.80206,-365.42618,341.71402,566.44507,-192.10437,446.39838,590.28125,-416.09332,340.02142,583.6879,-224.62338,435.14276,586.2426,-442.84686,349.17642,582.39014,-265.5739,434.43704,578.9564,-377.99475,352.582,576.0369,-210.69116,414.9502,579.6674,-37.466156,373.9214,577.40265,37.599045,430.69092,659.0089,-113.93273,368.07938,658.7031,117.11804,446.17078,741.92126,26.830948,364.09406,728.90674,328.8743,447.37628,753.6897,32.49951,371.04395,743.0397,342.49542,444.6341,772.26843,-124.493065,337.3068,752.6134,213.53574
WhatsApp Image 2022-04-03 at 1.36.14 PM.jpeg,349.76486,424.58813,-509.01315,353.85306,419.58557,-503.19775,356.46387,419.96967,-503.05493,359.18814,420.28125,-502.97314,345.99634,419.24237,-500.17853,343.37378,419.17603,-500.1057,340.7333,419.21667,-500.11075,363.72736,426.0164,-409.62442,337.57837,423.81387,-388.94833,354.91852,433.09216,-468.6589,345.34894,432.51013,-462.7832,382.41827,458.16806,-265.67804,318.42664,454.265,-258.8422,398.106,487.15884,-106.57912,285.38318,484.85913,-159.33635,387.61716,527.3547,-68.22278,298.0944,529.375,-166.51797,386.92273,539.9077,-73.9075,298.133,542.8471,-178.06023,382.48932,537.90454,-100.34137,309.11957,541.6529,-201.21364,381.2059,534.98334,-75.70411,309.21686,536.56146,-172.50348,359.99518,542.90857,-9.512212,321.32217,541.81824,9.43727,373.06836,607.00616,-38.856792,306.51938,615.86066,24.140518,384.9148,675.4459,120.10388,292.5485,681.65936,172.04788,383.4852,687.4451,128.56792,294.90656,691.7862,178.199,393.22833,695.4632,8.0229645,279.02982,706.92206,60.075066
WhatsApp Image 2022-04-03 at 1.37.15 PM.jpeg,436.2802,446.98972,-398.63425,441.2503,440.01352,-388.8213,444.3824,439.85266,-388.82208,447.66992,439.61948,-388.75113,432.7572,440.76624,-382.38507,429.85962,440.92853,-382.23407,426.98553,441.17197,-382.11847,454.11374,444.14832,-294.28442,425.45538,445.68073,-251.8944,443.41177,454.88196,-360.65823,431.83606,455.33417,-348.29865,476.9538,488.86578,-226.36685,407.05615,486.51233,-107.63939,497.58408,533.3232,-197.86346,384.73358,532.8135,-13.280654,487.84653,577.3292,-313.91873,388.91248,573.45795,-133.45935,487.89557,594.8492,-362.32047,389.1952,590.109,-163.543,477.07645,591.92535,-384.32758,395.78476,588.15894,-204.22284,476.2365,584.68787,-323.98566,398.4905,581.27893,-152.1564,455.4784,588.3486,-43.07522,416.539,587.7068,43.245216,470.8864,665.6166,-139.61617,407.68854,667.2756,167.63814,486.84912,751.32605,-36.845116,399.96417,736.217,386.54047,487.6181,762.89905,-33.7706,406.04553,749.37085,402.9516,488.15625,781.5453,-177.68213,375.6529,761.50134,290.86273
WhatsApp Image 2022-04-03 at 1.37.16 PM (1).jpeg,522.6671,456.69977,-344.6055,528.52875,449.3374,-342.73834,531.61316,449.49634,-342.7408,534.8785,449.59814,-342.7775,520.5277,449.1927,-332.4024,517.6312,448.9308,-332.3244,514.7482,448.7569,-332.1039,540.9696,454.09534,-275.4687,513.6015,452.22614,-214.31247,528.6698,465.19867,-315.3433,517.8969,464.44635,-297.5301,563.3136,496.6894,-234.24039,499.3429,492.1102,-66.55617,589.755,552.68384,-226.53802,488.4679,545.9705,46.723267,561.2942,594.6156,-293.86365,480.4306,587.53345,-60.788536,556.6717,608.7709,-324.81537,477.47104,602.2355,-77.82956,546.446,602.1997,-338.89557,478.05734,600.9264,-118.61897,548.4365,596.9239,-297.8405,482.9489,596.4172,-78.61838,539.9497,603.5199,-70.11174,506.80334,600.504,70.215164,536.00415,681.83234,-153.62083,497.89243,674.0693,193.0043,528.9918,765.42596,-112.97304,494.1428,737.3065,378.61197,534.43823,776.4693,-113.34944,501.29272,751.11395,394.09088,503.96713,797.35004,-223.82556,460.19,758.5721,324.1845
WhatsApp Image 2022-04-03 at 1.37.16 PM (2).jpeg,508.078,423.92575,-209.47308,513.8241,417.7422,-204.19373,516.70325,418.00784,-204.18903,519.7245,418.20425,-204.17398,506.11066,417.2863,-197.23364,503.41553,416.98416,-197.1799,500.73645,416.74274,-197.08182,525.3533,422.35645,-142.99564,499.27313,419.79736,-100.398605,513.5294,432.2086,-184.31816,503.40024,431.2072,-171.91809,545.579,461.7373,-113.208405,483.00647,460.53864,0.19485334,573.36487,509.25354,-112.62726,469.4436,510.28043,74.39772,545.7014,555.4499,-168.61514,462.8455,555.1313,-20.554623,541.2167,570.5647,-189.77036,458.2887,570.4234,-39.081406,532.33435,564.9506,-204.28001,463.2962,570.8475,-71.94734,534.35944,559.67395,-172.68622,469.0308,566.0622,-34.885727,526.6225,566.29193,-52.17161,491.0923,564.3631,52.219276,524.84204,640.7578,-145.45311,475.1369,635.1807,74.35833,522.8778,721.3371,-115.617294,481.32635,699.3426,216.64972,527.39294,732.50287,-116.922295,491.1829,712.507,228.39487,500.9057,748.8924,-211.4141,447.92804,718.99585,169.59628
WhatsApp Image 2022-04-03 at 1.37.16 PM (3).jpeg,485.94623,434.66394,-357.4209,491.85254,428.70187,-347.91455,494.8631,429.0584,-347.91266,497.97705,429.3195,-347.8711,483.6551,428.20062,-343.6093,480.91205,427.94543,-343.51224,478.19138,427.77988,-343.39752,503.5381,434.44916,-261.9366,475.95636,431.97644,-233.70801,491.8133,443.50177,-322.558,480.56097,442.42624,-314.2673,522.0714,476.21582,-188.11972,453.5229,468.32114,-114.401985,553.8989,513.7392,-122.88168,424.0475,505.42456,2.9424043,531.0283,554.3924,-153.27673,439.98596,545.3064,-51.098495,525.74347,568.14905,-177.6615,442.78607,560.4775,-71.33086,517.27637,563.33124,-190.35812,451.76743,556.70557,-96.37193,518.8418,557.1022,-158.04195,451.8553,549.6256,-60.776825,500.55936,566.3123,-37.36178,463.60043,564.8523,37.446682,506.58682,636.5081,-193.45401,461.73627,640.8,162.19312,521.363,719.7526,-155.15906,463.668,702.5418,365.93515,526.3075,731.44727,-158.04645,471.86237,714.3221,381.8496,509.0204,746.4213,-283.85876,436.93533,725.05914,296.57843
WhatsApp Image 2022-04-03 at 1.37.16 PM (4).jpeg,424.93396,440.24655,-438.28088,430.03473,434.8459,-427.53506,432.77252,435.2679,-427.48602,435.5816,435.5976,-427.40198,422.34805,434.2757,-427.65918,419.74744,434.03256,-427.54443,417.1458,433.88208,-427.5281,440.0071,440.96448,-322.71463,414.07626,438.22595,-321.00522,430.04874,448.69824,-395.41635,419.63263,447.58472,-394.88715,459.45013,478.85562,-206.35507,391.57867,474.89563,-194.83772,484.79974,509.82092,-89.68724,359.65112,510.45392,-100.69379,471.56232,549.6476,-106.09473,377.17798,548.6965,-146.52069,468.39432,563.6333,-127.72801,381.13797,563.1007,-169.93706,460.87744,559.6954,-151.35373,389.32556,558.78156,-194.76297,461.34564,553.2169,-114.316315,388.4096,552.2582,-155.4306,446.63177,565.7962,-4.790131,409.3194,565.4685,4.886952,454.49048,638.843,-58.387733,403.71045,643.2398,32.65796,463.99866,711.70264,85.668335,397.6352,710.529,207.24747,463.6361,721.5598,92.84531,402.627,720.9877,217.20268,465.33444,736.47504,-26.897089,378.4922,735.4578,104.03476
WhatsApp Image 2022-04-03 at 1.37.16 PM (5).jpeg,294.1377,451.6186,-409.2663,298.00375,447.84262,-394.9284,300.31836,448.36078,-394.8684,302.72287,448.8028,-394.80188,290.74762,446.99017,-399.3114,288.212,446.75385,-399.20538,285.67407,446.57947,-399.22473,304.2805,454.77704,-282.23395,280.8288,451.39233,-303.80176,297.2788,460.1164,-364.99503,287.96844,458.7362,-371.053,319.04416,495.51645,-160.84811,255.84189,490.1725,-211.1777,334.47723,534.23645,-57.545364,229.10464,530.398,-184.5934,325.21878,569.8866,-135.53159,238.35312,568.44147,-268.67566,323.44476,580.9846,-165.7619,238.74907,580.0763,-302.68387,318.63385,578.9823,-194.78572,246.46567,578.41766,-325.12936,318.82397,574.47784,-148.99307,247.32701,573.0627,-278.64172,308.66943,579.53925,24.2534,271.13144,578.305,-24.207985,317.0145,656.1482,61.638184,258.24744,653.48236,-30.76036,324.02933,720.7859,215.95692,244.8061,725.07434,102.03931,320.12103,730.96326,224.63576,245.09372,734.23615,107.59325,339.17087,742.85,114.697845,239.967,752.61066,-16.583065
WhatsApp Image 2022-04-03 at 1.37.16 PM (6).jpeg,324.88358,458.72028,-450.66357,329.31946,452.80765,-435.86475,332.1554,452.87146,-435.83212,335.14627,452.85352,-435.69116,321.09912,453.1645,-439.0111,318.24768,453.25812,-438.90338,315.43533,453.44055,-438.88232,339.6879,458.18115,-319.82104,312.19702,458.443,-323.98053,330.29742,467.68823,-405.6324,319.7124,467.7614,-406.88916,359.72192,505.31866,-223.04132,289.45596,503.29065,-215.81758,372.38092,554.8873,-206.94089,271.35498,553.83936,-167.36258,379.0685,606.07324,-342.37305,273.43817,606.97955,-244.9331,384.86746,623.4097,-380.7984,270.38315,624.43353,-275.57037,377.98364,624.4733,-416.31952,278.9412,626.0997,-316.2002,374.40656,618.98865,-359.617,283.13077,620.2137,-262.99847,347.7052,603.99725,-12.70978,307.1648,605.6052,12.817823,350.1089,688.6992,-75.395744,306.53955,688.9717,148.0836,361.33807,773.5038,8.566792,311.50516,749.84186,409.8451,361.37167,785.9166,8.488773,316.49115,757.61615,429.8422,370.05292,801.92084,-135.97365,303.22845,782.01263,314.48007
WhatsApp Image 2022-04-03 at 1.37.16 PM (7).jpeg,325.67276,471.9533,-500.86816,330.88986,466.35474,-478.84668,334.34387,466.69037,-478.75168,337.92575,466.9479,-478.6175,320.70328,465.91217,-484.6255,317.1333,465.78876,-484.52106,313.536,465.75958,-484.52234,341.8542,474.37006,-329.18903,308.0746,471.93243,-352.49243,331.4183,482.3983,-443.52142,318.20557,481.5373,-450.26614,361.0264,523.95306,-190.90845,281.23755,522.55646,-259.4942,374.9582,577.6719,-139.8287,266.92126,582.7125,-240.3386,378.51825,634.6194,-286.45963,263.05826,643.0831,-312.86356,383.03955,653.4932,-321.69806,257.8666,660.7933,-348.31177,376.23468,653.4247,-367.5353,266.08194,661.5999,-381.26532,373.22568,648.4695,-308.02933,270.20273,656.1164,-327.2474,347.26312,638.59,25.33061,298.11847,638.13995,-25.293724,356.92938,729.9564,95.49155,273.49194,733.7522,-1.0451801,368.98065,803.58154,332.55258,259.76202,810.6959,218.61081,365.03403,814.68335,348.01996,263.7359,821.83295,231.60034,386.55597,833.3515,208.91397,241.32571,843.81915,78.14523
WhatsApp Image 2022-04-03 at 1.37.16 PM.jpeg,502.06558,455.47534,-271.91644,509.8395,449.4371,-270.5835,512.88464,449.9344,-270.60394,516.09235,450.35355,-270.5648,503.0069,448.51282,-255.4566,500.90817,448.04944,-255.40161,498.79736,447.66382,-255.32314,524.5134,455.2705,-217.10428,501.5039,450.8639,-136.48853,508.4591,464.41443,-249.12024,499.05768,462.6263,-225.80698,546.72327,497.77582,-188.61295,483.23438,491.8809,-15.491365,569.0004,545.7606,-185.01025,466.2411,538.1925,82.58963,539.89594,587.6371,-245.41365,461.61237,580.87067,-32.351593,534.1526,602.9279,-276.33813,460.07547,596.7053,-55.066895,525.2047,597.0413,-288.75284,462.03745,595.3123,-92.99807,527.47345,590.98987,-249.26193,466.36047,590.02924,-50.079758,522.19617,604.9438,-67.85731,489.66504,603.1966,68.000755,531.02246,683.36273,-126.604546,487.29224,676.1445,216.93802,535.9114,764.35736,-92.03296,489.79166,736.90784,408.54846,541.8703,775.4468,-93.753494,497.9922,749.6147,424.78546,516.04626,795.05255,-203.39818,457.6612,758.41595,357.1806
